44530,455.56,462.03,463.99,455.34,148.56M,-0.0195
44529,464.6,464.09,466.54,461.76,86.27M,0.0123
44526,458.97,462.34,463.9,457.77,112.65M,-0.0223
44524,469.44,466.06,469.57,465.19,61.86M,0.0027
44523,468.19,467.17,469.06,464.47,73.21M,0.0013
44522,467.57,470.89,473.52,467.4,72.76M,-0.0028
44519,468.89,469.61,470.94,468.5,57.32M,-0.0018
44518,469.73,469.24,470.01,466.34,50.63M,0.0034
44517,468.14,469,469.19,467.48,46.54M,-0.0024
44516,469.28,467.24,470.48,467.11,48.86M,0.004
44515,467.43,468.66,468.71,466.25,46.98M,0.0003
44512,467.27,465.12,467.86,464.11,53.47M,0.0075
44511,463.77,465.21,465.29,463.75,34.34M,0.0003
44510,463.62,465.55,467.38,462.06,69.43M,-0.008
44509,467.38,469.47,469.55,465.88,51.15M,-0.0033
44508,468.93,469.77,470.2,468.22,50.41M,0.0009
44505,468.53,469.28,470.65,466.92,66.39M,0.0035
44504,466.91,465.4,466.99,465.02,52.85M,0.0047
44503,464.72,461.3,465.06,460.83,52.51M,0.0061
44502,461.9,460.29,462.22,460.12,48.91M,0.004
44501,460.04,460.32,460.68,458.21,48.43M,0.0017
44498,459.25,455.87,459.56,455.56,70.16M,0.002
44497,458.32,455.68,458.38,455.62,51.44M,0.0096
44496,453.94,456.53,457.11,453.9,72.44M,-0.0044
44495,455.96,457.26,458.48,455.59,56.08M,0.0009
44494,455.55,454.25,455.89,452.4,45.21M,0.0054
44491,453.12,453.13,454.67,451.05,58.85M,-0.001
44490,453.59,451.7,453.81,451.32,41.31M,0.0026
44489,452.41,451.03,452.71,451.03,49.57M,0.0039
44488,450.64,448.99,450.67,448.3,47.00M,0.0077
44487,447.19,444.06,447.54,443.31,62.21M,0.003
44484,445.87,444.75,446.26,444.09,66.26M,0.0076
44483,442.5,439.22,442.64,438.6,70.24M,0.0168
44482,435.18,434.71,436.05,431.54,72.97M,0.0036
44481,433.62,435.68,436.09,432.8,71.18M,-0.0025
44480,434.69,437.16,440.24,434.66,65.23M,-0.0072
44477,437.86,439.48,439.89,437.19,74.56M,-0.0018
44476,438.66,438.37,441.66,438.22,72.44M,0.0086
44475,434.9,429.18,435.1,427.55,113.03M,0.0042
44474,433.1,430.24,435.49,429.39,90.68M,0.0104
44473,428.64,432.96,433.92,426.39,128.57M,-0.0129
44470,434.24,430.98,436.03,427.23,129.24M,0.0119
44469,429.14,435.92,436.74,429.08,140.51M,-0.0122
44468,434.45,435.09,437.02,433.87,82.33M,0.0017
44467,433.72,439.37,440.02,433.02,130.44M,-0.0202
44466,442.64,442.81,444.03,441.97,61.37M,-0.0029
44463,443.91,441.44,444.67,441.21,62.10M,0.0016
44462,443.18,439.82,444.87,439.62,76.40M,0.0122
44461,437.86,436.14,440.02,435.08,102.35M,0.0098
44460,433.63,436.67,437.87,433.08,92.53M,-0.0009
44459,434.04,434.65,436.51,428.87,166.45M,-0.0167
44456,441.4,444.92,445.37,441.02,118.43M,-0.0129
44455,447.17,447.4,448.35,444.03,77.79M,-0.0016
44454,447.88,444.73,448.4,443.45,78.79M,0.0084
44453,444.17,448.24,448.29,443.23,78.20M,-0.0054
44452,446.58,448.69,448.88,444.15,83.74M,0.0026
44449,445.44,451.04,451.49,445.31,89.95M,-0.0079
44448,448.98,450.65,452.52,448.73,57.97M,-0.0043
44447,450.91,450.89,451.65,448.86,56.18M,-0.0012
44446,451.46,452.77,452.77,450.77,51.67M,-0.0036
44442,453.08,451.98,453.63,451.55,47.23M,-0.0002
44441,453.19,453.36,454.01,451.92,42.83M,0.0031
44440,451.8,452.55,453.1,451.55,48.72M,0.0005
44439,451.56,452.12,452.49,450.95,59.30M,-0.0015
44438,452.23,451.03,453.07,450.73,48.36M,0.0044
44435,450.25,447.12,450.65,447.06,77.24M,0.0089
44434,446.26,448.62,448.84,446.16,57.83M,-0.0059
44433,448.91,448.21,449.44,447.8,40.53M,0.0021
44432,447.97,447.97,448.54,447.42,36.54M,0.0016
44431,447.26,445.16,448.22,445.16,54.97M,0.0088
44428,443.36,440.23,443.71,439.71,72.01M,0.008
44427,439.86,436.19,441.12,436.17,92.81M,0.0015
44426,439.18,442.86,444.61,438.96,89.35M,-0.0109
44425,444.04,444.18,444.96,440.89,92.67M,-0.0066
44424,446.97,444.68,447.08,442.92,73.93M,0.0024
44421,445.92,445.59,445.94,445.07,39.47M,0.0018
44420,445.11,443.54,445.25,442.67,38.94M,0.003
44419,443.78,443.76,443.88,442.63,44.03M,0.0025
44418,442.68,442.64,443.43,441.91,43.34M,0.0012
44417,442.13,442.49,442.79,441.37,41.22M,-0.0008
44416,442.49,442.49,442.49,442.49,-,0
44415,442.49,442.49,442.49,442.49,-,0
44414,442.49,442.19,442.91,441.81,46.93M,0.0017
44413,441.76,440.26,441.79,439.91,38.97M,0.0063
44412,438.98,439.78,440.39,438.74,46.73M,-0.0049
44411,441.15,438.53,441.17,436.12,58.05M,0.0081
44410,437.59,440.3,440.85,437.31,58.78M,-0.0021
44407,438.51,437.97,440.05,437.79,68.95M,-0.0049
44406,440.65,439.9,441.79,439.9,47.44M,0.0041
44405,438.83,439.65,440.27,437.42,52.47M,-0.0004
44404,439.01,439.92,439.92,435.99,67.40M,-0.0046
44403,441.02,439.32,441.02,439.26,43.72M,0.0025
44400,439.94,437.52,440.3,436.79,63.77M,0.0103
44399,435.46,434.74,435.72,433.69,47.88M,0.0021
44398,434.55,432.34,434.7,431.01,64.72M,0.0081
44397,431.06,425.68,432.42,424.83,99.61M,0.0143
44396,424.97,426.19,431.41,421.97,147.99M,-0.0148
44393,431.34,436.01,436.05,430.93,75.87M,-0.0078
44392,434.75,434.92,435.52,432.75,55.13M,-0.0034
44391,436.24,437.45,437.9,434.92,64.13M,0.0015
44390,435.59,436.28,437.83,435.32,52.91M,-0.0034
44389,437.08,435.48,437.25,434.98,52.89M,0.0036
44386,435.52,432.59,435.77,432.33,76.24M,0.0107
44385,430.92,428.75,431.72,427.58,97.60M,-0.0081
44384,434.46,433.68,434.75,431.52,63.55M,0.0035
44383,432.93,433.72,433.95,430.01,68.71M,-0.0018
44382,433.72,433.72,433.72,433.72,-,0
44381,433.72,433.72,433.72,433.72,-,0
44380,433.72,433.72,433.72,433.72,-,0
44379,433.72,431.67,434.1,430.52,57.70M,0.0076
44378,430.43,428.93,430.53,428.82,53.44M,0.0055
44377,428.06,427.33,428.7,427.28,64.83M,0.0008
44376,427.7,427.88,428.56,427.13,35.97M,0.0005
44375,427.47,427.21,427.64,425.89,53.16M,0.002
44372,426.61,426.05,427.07,425.57,58.13M,0.0036
44371,425.1,424.94,425.55,424.63,45.11M,0.0059
44370,422.6,423.27,424.03,422.56,49.45M,-0.0012
44369,423.11,420.9,423.98,420.1,57.70M,0.0053
44368,420.86,416.8,421.06,415.93,72.82M,0.0143
44365,414.92,417.17,417.81,414.76,118.68M,-0.0167
44364,421.97,421.73,422.99,419.35,90.95M,-0.0003
44363,422.11,424.72,424.83,419.97,80.39M,-0.0056
44362,424.48,425.42,425.44,423.55,51.51M,-0.0018
44361,425.26,424.43,425.37,423.1,42.36M,0.0022
44358,424.31,424.2,424.43,422.82,45.57M,0.0017
44357,423.61,422.96,424.63,421.55,51.02M,0.0046
44356,421.65,423.18,423.26,421.41,48.44M,-0.0015
44355,422.28,423.11,423.21,420.32,47.13M,0.0002
44354,422.19,422.59,422.78,421.19,51.56M,-0.001
44351,422.6,420.75,422.92,418.84,55.94M,0.0091
44350,418.77,417.85,419.99,416.28,58.14M,-0.0037
44349,420.33,420.37,421.23,419.29,49.10M,0.0016
44348,419.67,422.57,422.72,419.2,54.22M,-0.0009
44344,420.04,420.97,421.25,419.79,58.52M,0.0018
44343,419.29,420.17,420.72,418.99,56.71M,0.0005
44342,419.07,418.87,419.61,417.76,43.09M,0.002
44341,418.24,420.33,420.71,417.62,57.45M,-0.0022
44340,419.17,417.34,420.32,417.08,51.38M,0.0102
44337,414.94,416.87,418.2,414.45,76.58M,-0.0008
44336,415.28,411.8,416.62,411.67,78.02M,0.0108
44335,410.86,406.92,411.05,405.33,106.47M,-0.0026
44334,411.94,415.8,416.06,411.77,59.81M,-0.0086
44333,415.52,415.39,416.39,413.36,65.13M,-0.0025
44330,416.58,413.21,417.49,413.18,82.20M,0.0154
44329,410.28,407.07,412.35,407.02,106.39M,0.012
44328,405.41,411.23,412.59,404,134.81M,-0.0212
44327,414.21,413.1,415.27,410.06,116.89M,-0.0089
44326,417.94,422.5,422.74,417.81,81.85M,-0.0099
44323,422.12,419.89,422.81,419.16,67.73M,0.0073
44322,419.07,415.83,419.21,413.68,74.32M,0.008
44321,415.75,417.38,417.63,414.94,60.28M,0.0003
44320,415.62,416.07,416.6,411.67,101.59M,-0.0062
44319,418.2,419.43,419.84,417.67,68.13M,0.0022
44316,417.3,417.63,418.54,416.34,85.53M,-0.0066
44315,420.06,420.32,420.72,416.44,78.54M,0.0064
44314,417.4,417.81,419.01,416.9,51.24M,-0.0003
44313,417.52,417.93,418.14,416.3,51.30M,-0.0002
44312,417.61,417.44,418.22,416.81,52.18M,0.0021
44309,416.74,412.87,418.25,412.79,73.28M,0.0108
44308,412.27,415.89,416.78,411.13,97.58M,-0.0091
44307,416.07,411.51,416.29,411.36,66.79M,0.0095
44306,412.17,413.91,415.09,410.59,81.85M,-0.0073
44305,415.21,416.26,416.74,413.79,78.50M,-0.0049
44302,417.26,417.25,417.91,415.73,82.04M,0.0033
44301,415.87,413.74,416.16,413.69,60.23M,0.0107
44300,411.45,412.83,413.96,410.87,61.66M,-0.0034
44299,412.86,411.53,413.53,411.12,56.55M,0.003
44298,411.64,410.85,411.93,410.2,56.70M,0.0004
44295,411.49,408.39,411.67,408.26,61.10M,0.0073
44294,408.52,407.93,408.58,406.93,57.86M,0.0047
44293,406.59,405.94,406.96,405.45,55.84M,0.0012
44292,406.12,405.76,407.24,405.4,62.02M,-0.0006
44291,406.36,403.46,406.94,403.38,91.68M,0.0144
44287,400.61,398.4,400.67,398.18,99.68M,0.0108
44286,396.33,395.34,398,395.31,112.73M,0.0041
44285,394.73,394.42,395.45,393.02,76.26M,-0.0027
44284,395.78,394.4,396.75,392.81,108.11M,-0.0005
44281,395.98,390.93,396.41,390.29,114.41M,0.0161
44280,389.7,385.98,390.55,383.9,116.13M,0.0056
44279,387.52,391,392.75,387.47,97.59M,-0.0051
44278,389.5,391.91,393.46,388.66,90.69M,-0.0079
44277,392.59,390.03,394.07,389.97,73.78M,0.008
44274,389.48,389.88,391.57,387.15,113.62M,-0.0051
44273,391.48,394.48,396.72,390.75,115.35M,-0.0145
44272,397.26,394.53,398.12,393.3,97.96M,0.0034
44271,395.91,397.07,397.83,395.08,73.72M,-0.0013
44270,396.41,394.33,396.69,392.03,73.59M,0.006
44267,394.06,392.07,394.21,391.2,64.65M,0.0013
44266,393.53,392.23,395.65,391.74,86.25M,0.0101
44265,389.58,389.69,391.4,388.17,109.90M,0.0062
44264,387.17,385.85,389.91,381.73,113.63M,0.0143
44263,381.72,384.66,387.68,381.42,123.15M,-0.005
44260,383.63,380.46,384.76,372.64,152.04M,0.0184
44259,376.7,381.22,384,371.88,183.43M,-0.0124
44258,381.42,385.79,386.83,381.31,119.94M,-0.0132
44257,386.54,389.82,390.07,386,79.60M,-0.0078
44256,389.58,385.59,390.92,380.57,105.35M,0.0242
44253,380.36,384.35,385.58,378.23,152.70M,-0.0052
44252,382.33,390.41,391.88,380.78,146.67M,-0.0241
44251,391.77,386.33,392.23,385.27,72.43M,0.011
44250,387.5,384.66,388.94,380.2,107.28M,0.0012
44249,387.03,387.06,389.62,386.74,67.41M,-0.0077
44246,390.03,392.07,392.38,389.55,83.24M,-0.0018
44245,390.72,389.59,391.51,387.74,59.71M,-0.0043
44244,392.39,390.42,392.66,389.33,52.81M,0.0002
44243,392.3,393.96,394.17,391.53,50.97M,-0.0009
44239,392.64,389.85,392.9,389.77,50.59M,0.0049
44238,390.71,391.24,391.69,388.1,42.91M,0.0016
44237,390.08,392.12,392.28,387.5,59.15M,-0.0004
44236,390.25,389.61,390.89,389.17,35.55M,-0.0007
44235,390.51,389.27,390.56,388.35,38.37M,0.0072
44232,387.71,388.2,388.47,386.14,48.67M,0.0039
44231,386.19,382.96,386.24,381.97,47.14M,0.0114
44230,381.85,382.44,383.7,380.48,52.43M,0.0008
44229,381.55,379.65,383.22,376.32,64.45M,0.0141
44228,376.23,373.72,377.34,370.38,75.82M,0.0166
44225,370.07,375.63,376.67,368.27,126.77M,-0.02
44224,377.63,376.36,381.93,375.89,94.20M,0.0086
44223,374.41,380.22,380.32,372.01,123.35M,-0.0244
44222,383.79,385.41,385.85,383.54,42.67M,-0.0016
44221,384.39,383.67,384.77,378.46,70.40M,0.0039
44218,382.88,382.25,384.13,381.83,52.14M,-0.0035
44217,384.24,384.49,384.95,383.25,47.96M,0.0009
44216,383.89,381.11,384.79,380.69,61.84M,0.0138
44215,378.65,378.34,379.23,376.75,51.23M,0.0079
44211,375.7,376.72,377.58,373.7,107.16M,-0.0073
44210,378.46,380.59,381.13,378.1,49.99M,-0.0035
44209,379.79,378.69,380.86,377.85,45.30M,0.0027
44208,378.77,378.89,379.86,376.36,52.55M,0.0002
44207,378.69,377.85,380.58,377.72,51.18M,-0.0067
44204,381.26,380.59,381.49,377.1,71.68M,0.0057
44203,379.1,376.1,379.9,375.91,68.77M,0.0149
44202,373.55,369.71,376.98,369.12,108.00M,0.006
44201,371.33,368.1,372.5,368.05,66.43M,0.0069
44200,368.79,375.31,375.45,364.82,110.21M,-0.0136
44196,373.88,371.78,374.66,371.23,78.52M,0.0051
44195,371.99,372.34,373.1,371.57,49.46M,0.0014
44194,371.46,373.81,374,370.83,53.68M,-0.0019
44193,372.17,371.74,372.59,371.07,39.00M,0.0086
44189,369,368.08,369.03,367.45,26.46M,0.0039
44188,367.57,368.28,369.62,367.22,46.20M,0.0009
44187,367.24,368.21,368.33,366.03,48.39M,-0.0017
44186,367.86,364.97,378.46,362.03,96.39M,-0.0036
44183,369.18,370.97,371.15,367.02,136.54M,-0.0082
44182,372.24,371.94,372.46,371.05,64.12M,0.0056
44181,370.17,369.82,371.16,368.87,58.42M,0.0016
44180,369.59,367.4,369.59,365.92,64.07M,0.0135
44179,364.66,368.64,369.8,364.47,69.22M,-0.0045
44176,366.3,364.9,366.74,363.26,57.70M,-0.0012
44175,366.73,365.37,367.86,364.43,57.74M,-0.0003
44174,366.85,370.88,371.05,365.95,74.10M,-0.009
44173,370.17,367.72,370.78,367.67,42.46M,0.0029
44172,369.09,369.02,369.62,367.72,48.94M,-0.0021
44169,369.85,367.32,369.85,367.22,50.75M,0.0086
44168,366.69,366.68,368.19,365.5,62.88M,-0.0003
44167,366.79,364.82,366.96,364.2,45.93M,0.0021
44166,366.02,365.57,367.68,364.93,74.50M,0.0109
44165,362.06,362.83,363.12,359.17,83.87M,-0.0044
44162,363.67,363.84,364.18,362.58,28.51M,0.0028
44160,362.66,363.13,363.16,361.48,45.33M,-0.0015
44159,363.22,360.21,363.81,359.29,62.42M,0.0161
44158,357.46,357.28,358.82,354.87,63.23M,0.006
44155,355.33,357.5,357.72,355.25,70.41M,-0.0068
44154,357.78,355.6,358.18,354.15,59.94M,0.0042
44153,356.28,360.91,361.5,356.24,70.59M,-0.012
44152,360.62,359.97,361.92,358.34,66.11M,-0.0054
44151,362.57,360.98,362.78,359.59,74.54M,0.0125
44148,358.1,355.27,358.9,354.71,62.96M,0.0138
44147,353.21,355.58,356.72,351.26,68.12M,-0.0097
44146,356.67,356.4,357.56,355.06,58.65M,0.0074
44145,354.04,353.49,355.18,350.51,85.55M,-0.0015
44144,354.56,363.97,364.38,354.06,172.30M,0.0126
44141,350.16,349.93,351.51,347.65,74.97M,-0.0002
44140,350.24,349.24,352.19,348.86,82.04M,0.0195
44139,343.54,340.86,347.94,339.59,126.96M,0.0223
44138,336.03,333.69,338.25,330.29,93.29M,0.0177
44137,330.2,330.2,332.36,327.24,86.07M,0.0112
44134,326.54,328.28,329.69,322.6,120.45M,-0.0104
44133,329.98,326.91,333.39,325.09,90.60M,0.0102
44132,326.66,332.1,338.25,326.13,127.09M,-0.0342
44131,338.22,339.76,340.12,337.99,65.99M,-0.0034
44130,339.39,342.13,342.98,335.62,91.47M,-0.0185
44127,345.78,345.93,345.99,343.13,49.14M,0.0034
44126,344.61,342.96,345.24,340.65,55.40M,0.0055
44125,342.73,343.33,348.68,342.4,63.57M,-0.0019
44124,343.38,343.46,346.88,342.64,60.05M,0.004
44123,342.01,348.65,349.33,341.04,68.43M,-0.0152
44120,347.29,348.96,350.75,347.1,89.50M,-0.0006
44119,347.5,343.71,348.02,343.13,60.36M,-0.0012
44118,347.93,350.75,351.93,347.14,57.96M,-0.0063
44117,350.13,352.28,352.47,349.09,73.26M,-0.0065
44116,352.43,349.59,354.02,349.06,80.39M,0.0161
44113,346.85,345.56,347.35,344.89,59.53M,0.0089
44112,343.78,342.85,343.85,341.86,45.24M,0.0089
44111,340.76,338.12,341.63,338.09,57.00M,0.0174
44110,334.93,339.91,342.17,334.38,90.13M,-0.0142
44109,339.76,336.06,339.96,336.01,45.71M,0.0177
44106,333.84,331.7,337.01,331.19,89.43M,-0.0095
44105,337.04,337.69,338.74,335.01,88.70M,0.0064
44104,334.89,333.09,338.29,332.88,104.08M,0.0076
44103,332.37,333.97,334.77,331.62,51.53M,-0.0054
44102,334.19,333.22,334.96,332.15,64.58M,0.0166
44099,328.73,322.58,329.58,321.64,71.07M,0.0162
44098,323.5,321.22,326.8,319.8,76.68M,0.0027
44097,322.64,330.9,331.2,322.1,93.11M,-0.0232
44096,330.3,328.57,330.9,325.86,63.61M,0.0102
44095,326.97,325.7,327.13,321.73,99.45M,-0.0111
44092,330.65,335.37,335.49,327.97,105.88M,-0.0155
44091,335.84,333.56,337.7,332.99,91.52M,-0.0088
44090,338.82,341.51,343.06,338.52,82.21M,-0.004
44089,340.17,341.12,342.02,338.47,52.92M,0.0051
44088,338.46,337.49,340.38,334.22,65.61M,0.0132
44085,334.06,335.82,336.97,331,84.68M,0.0005
44084,333.89,341.82,342.53,332.85,90.57M,-0.0174
44083,339.79,337.55,342.46,336.61,91.46M,0.0197
44082,333.21,336.71,342.64,332.88,114.47M,-0.0273
44078,342.57,346.13,347.83,334.87,139.16M,-0.0082
44077,345.39,355.87,356.38,342.59,148.01M,-0.0344
44076,357.7,354.67,358.75,353.43,69.54M,0.0145
44075,352.6,350.21,352.71,349.24,55.00M,0.0094
44074,349.31,350.35,351.3,349.06,66.10M,-0.0036
44071,350.58,349.44,350.72,348.15,48.59M,0.0065
44070,348.33,348.51,349.9,346.53,58.03M,0.0022
44069,347.57,344.76,347.86,344.17,50.79M,0.01
44068,344.12,343.53,344.21,342.27,38.46M,0.0035
44067,342.92,342.12,343,339.45,48.59M,0.0101
44064,339.48,337.92,339.72,337.55,55.11M,0.0035
44063,338.28,335.36,338.8,335.22,42.21M,0.0031
44062,337.23,339.05,339.61,336.62,68.05M,-0.0042
44061,338.64,338.34,339.1,336.61,38.73M,0.0022
44060,337.91,337.94,338.34,336.85,35.48M,0.0032
44057,336.84,336.41,337.42,335.62,47.26M,0
44056,336.83,336.61,338.25,335.83,41.82M,-0.0018
44055,337.44,335.44,338.28,332.84,53.83M,0.0139
44054,332.8,336.85,337.54,332.01,69.60M,-0.0083
44053,335.57,335.06,335.77,332.95,44.28M,0.003
44050,334.57,333.28,334.88,332.3,57.31M,0.0007
44049,334.33,331.48,334.46,331.13,43.68M,0.0067
44048,332.11,331.47,332.39,331.18,42.87M,0.0062
44047,330.06,327.86,330.06,327.86,41.92M,0.0039
44046,328.79,328.32,329.62,327.73,53.08M,0.007
44043,326.52,325.9,326.63,321.33,85.21M,0.0079
44042,323.96,321.9,324.41,319.64,61.86M,-0.0036
44041,325.12,322.12,325.73,322.07,48.45M,0.0123
44040,321.17,322.43,323.64,320.85,57.49M,-0.0063
44039,323.22,321.63,323.41,320.77,48.29M,0.0073
44036,320.88,320.95,321.99,319.25,73.77M,-0.0064
44035,322.96,326.47,327.23,321.48,75.74M,-0.0119
44034,326.86,324.62,327.2,324.5,57.79M,0.0057
44033,325.01,326.45,326.93,323.94,57.50M,0.0021
44032,324.32,321.43,325.13,320.62,56.31M,0.0081
44029,321.72,321.88,322.57,319.74,62.77M,0.0029
44028,320.79,319.79,321.28,319.09,54.62M,-0.0033
44027,321.85,322.41,323.04,319.26,87.20M,0.0092
44026,318.92,313.3,319.76,312,93.66M,0.013
44025,314.84,320.13,322.71,314.13,103.00M,-0.0087
44022,317.59,314.31,317.88,312.76,57.55M,0.0102
44021,314.38,316.84,317.1,310.68,83.35M,-0.0057
44020,316.18,314.61,316.3,312.7,54.64M,0.0076
44019,313.78,315.38,317.52,313.37,82.91M,-0.0103
44018,317.05,316.37,317.68,315.56,61.71M,0.0154
44014,312.23,314.24,315.7,311.51,69.34M,0.0055
44013,310.52,309.57,311.89,309.07,72.40M,0.007
44012,308.36,303.99,310.2,303.82,113.39M,0.0128
44011,304.46,301.41,304.61,298.93,79.77M,0.0147
44008,300.05,306.16,306.39,299.42,127.96M,-0.0238
44007,307.35,303.47,307.64,301.28,89.47M,0.0107
44006,304.09,309.84,310.51,302.1,132.81M,-0.0255
44005,312.05,313.49,314.5,311.61,68.47M,0.0046
44004,310.62,307.99,311.05,306.75,74.65M,0.0064
44001,308.64,314.17,314.38,306.53,135.55M,-0.0101
44000,311.78,310,312.3,309.51,80.83M,0.0004
43999,311.66,314.07,314.39,310.86,83.40M,-0.0042
43998,312.96,315.48,315.64,307.67,137.63M,0.0192
43997,307.05,298.02,308.28,296.74,135.78M,0.0093
43994,304.21,308.24,309.08,298.6,194.68M,0.012
43993,300.61,311.46,312.15,300.01,209.24M,-0.0576
43992,319,321.42,322.39,318.22,95.00M,-0.0056
43991,320.79,320.3,323.28,319.36,77.48M,-0.0075
43990,323.2,320.22,323.41,319.63,73.64M,0.0121
43987,319.34,317.23,321.27,317.16,150.52M,0.0256
43986,311.36,311.11,313,309.08,75.79M,-0.0026
43985,312.18,310.24,313.22,309.94,92.57M,0.0133
43984,308.08,306.55,308.13,305.1,74.27M,0.0083
43983,305.55,303.62,306.2,303.06,56.78M,0.004
43980,304.32,302.46,304.96,299.47,119.27M,0.0045
43979,302.97,304.65,306.84,302.24,90.77M,-0.0018
43978,303.53,302.12,303.57,296.87,104.82M,0.0149
43977,299.08,301.93,302.19,295.46,88.95M,0.0123
43973,295.44,294.57,295.63,293.22,63.96M,0.0019
43972,294.88,296.79,297.67,293.69,78.29M,-0.0069
43971,296.93,295.82,297.87,295.57,85.86M,0.017
43970,291.97,294.35,296.2,291.95,95.19M,-0.0103
43969,295,293.05,296.75,292.7,120.32M,0.0305
43966,286.28,282.37,286.33,281.34,111.15M,0.0046
43965,284.97,278.95,285.11,272.99,121.98M,0.012
43964,281.6,286.06,287.19,278.96,144.72M,-0.0177
43963,286.67,293.79,294.24,286.52,95.87M,-0.0199
43962,292.5,290.34,294,289.88,79.51M,0.0002
43959,292.44,291.09,292.95,289.86,76.62M,0.0165
43958,287.68,287.75,289.78,287.13,75.25M,0.0121
43957,284.25,288.04,288.46,283.78,73.63M,-0.0068
43956,286.19,286.64,289.25,283.71,79.57M,0.0092
43955,283.57,280.74,283.9,279.13,80.87M,0.0028
43952,282.79,285.31,290.66,281.52,125.18M,-0.0265
43951,290.48,291.71,293.32,288.59,122.90M,-0.0093
43950,293.21,291.53,294.88,290.41,118.75M,0.0262
43949,285.73,291.02,291.4,285.4,105.27M,-0.0046
43948,287.05,285.12,288.27,284.62,77.90M,0.0144
43945,282.97,280.73,283.7,278.5,85.17M,0.0139
43944,279.08,280.49,283.94,278.75,104.71M,-0.0001
43943,279.1,278.35,281,276.91,93.52M,0.0222
43942,273.04,276.73,278.04,272.02,126.39M,-0.0304
43941,281.59,282.61,286.79,281.35,100.11M,-0.0176
43938,286.64,285.38,287.3,282.4,146.68M,0.027
43937,279.1,279.15,280.03,275.76,131.80M,0.0048
43936,277.76,277.57,283.94,275.46,121.78M,-0.0212
43935,283.79,280.98,284.9,275.51,134.14M,0.0295
43934,275.66,277.14,277.51,271.41,114.84M,-0.0091
43930,278.2,277.58,281.2,275.47,190.28M,0.0152
43929,274.03,267.96,276,265.25,153.77M,0.0336
43928,265.13,274.21,275.03,264.89,201.43M,0.001
43927,264.86,257.84,267,248.17,188.06M,0.0672
43924,248.19,250.76,253.32,245.22,135.56M,-0.0145
43923,251.83,245.19,252.68,244.59,177.66M,0.0231
43922,246.15,247.98,257.66,243.9,189.55M,-0.045
43921,257.75,260.56,263.33,256.22,194.88M,-0.0149
43920,261.65,255.7,262.43,253.53,170.96M,0.0325
43917,253.42,253.27,260.81,251.05,224.34M,-0.0298
43916,261.2,249.52,262.8,249.05,257.63M,0.0584
43915,246.79,244.87,256.35,239.75,299.43M,0.015
43914,243.15,234.42,244.1,233.8,235.49M,0.0906
43913,222.95,228.19,229.68,218.26,326.03M,-0.0256
43910,228.8,242.53,244.47,228.5,347.16M,-0.0487
43909,240.51,239.25,247.38,232.22,289.32M,0.0021
43908,240,236.25,248.37,228.02,327.60M,-0.0506
43907,252.8,245.04,256.17,237.07,262.07M,0.054
43906,239.85,241.18,256.9,237.36,297.24M,-0.1094
43903,269.32,263.09,271.48,248.52,329.57M,0.0855
43902,248.11,256,266.66,247.68,392.22M,-0.0957
43901,274.36,280.7,281.94,270.88,256.42M,-0.0487
43900,288.42,284.64,288.52,273.5,276.44M,0.0517
43899,274.23,275.3,284.19,273.45,309.42M,-0.0781
43896,297.46,293.15,298.78,290.23,228.67M,-0.0165
43895,302.46,304.98,308.47,300.01,186.37M,-0.0332
43894,312.86,306.12,313.1,303.33,176.61M,0.042
43893,300.24,309.5,313.84,297.57,300.14M,-0.0286
43892,309.09,298.21,309.16,294.46,238.70M,0.0433
43889,296.26,288.7,297.89,285.54,385.76M,-0.0042
43888,297.51,305.46,311.56,297.51,284.35M,-0.0449
43887,311.5,314.18,318.11,310.7,194.77M,-0.0037
43886,312.65,323.94,324.61,311.69,218.91M,-0.0303
43885,322.42,323.14,333.56,321.24,161.09M,-0.0332
43882,333.48,335.47,335.81,332.58,113.79M,-0.0103
43881,336.95,337.74,338.64,333.68,74.16M,-0.0041
43880,338.34,337.79,339.08,337.48,48.81M,0.0048
43879,336.73,336.51,337.67,335.21,57.34M,-0.0026
43875,337.6,337.51,337.73,336.2,64.58M,0.0016
43874,337.06,335.86,338.12,335.56,54.50M,-0.0011
43873,337.42,336.83,337.65,336.43,43.99M,0.0064
43872,335.26,336.16,337.02,334.68,54.86M,0.0017
43871,334.68,331.23,334.75,331.19,42.07M,0.0075
43868,332.2,332.82,333.99,331.6,64.14M,-0.0053
43867,333.98,333.91,334.19,332.8,50.36M,0.0034
43866,332.86,332.27,333.09,330.67,65.95M,0.0115
43865,329.06,328.07,330.01,327.72,62.57M,0.0152
43864,324.12,323.35,326.16,323.22,69.24M,0.0074
43861,321.73,327,327.17,320.73,113.85M,-0.0182
43860,327.68,324.36,327.91,323.54,75.49M,0.0032
43859,326.62,328.38,328.63,326.4,54.04M,-0.0008
43858,326.89,325.06,327.85,323.6,63.83M,0.0105
43857,323.5,323.03,325.12,322.66,84.06M,-0.016
43854,328.77,332.44,332.53,327.36,87.58M,-0.0089
43853,331.72,330.63,332.17,329.41,51.96M,0.0011
43852,331.34,332.24,332.95,331.17,48.91M,0.0001
43851,331.3,330.9,332.18,330.82,77.74M,-0.002
43847,331.95,331.7,332.18,330.85,95.85M,0.0031
43846,330.92,329.7,330.92,329.45,54.05M,0.0083
43845,328.19,327.35,329.02,327.26,72.06M,0.0023
43844,327.45,327.47,328.62,326.84,63.04M,-0.0015
43843,327.95,326.39,327.96,325.92,47.26M,0.0069
43840,325.71,327.29,327.46,325.2,53.06M,-0.0029
43839,326.65,326.16,326.73,325.52,48.57M,0.0068
43838,324.45,322.94,325.78,322.67,68.43M,0.0053
43837,322.73,323.02,323.54,322.24,42.85M,-0.0028
43836,323.64,320.49,323.73,320.36,55.76M,0.0038
43833,322.41,321.16,323.64,321.1,77.78M,-0.0076
43832,324.87,323.54,324.89,322.53,59.25M,0.0094
43830,321.86,320.53,322.13,320.15,57.11M,0.0024
43829,321.08,322.95,323.1,320.55,49.78M,-0.0055
43826,322.86,323.74,323.8,322.28,42.55M,-0.0002
43825,322.94,321.65,322.95,321.64,31.02M,0.0053
43823,321.23,321.47,321.52,320.9,20.27M,0
43822,321.22,321.59,321.65,321.06,53.02M,0.0015
43819,320.73,320.46,321.97,319.39,149.34M,-0.0005
43818,320.9,319.8,320.98,319.52,85.39M,0.0041
43817,319.59,320,320.25,319.53,48.20M,0.0001
43816,319.57,319.92,320.25,319.48,61.13M,0.0002
43815,319.5,319.22,320.15,317.25,82.84M,0.0069
43812,317.32,316.87,318.67,316.02,81.55M,0.0006
43811,317.13,314.43,317.99,314.17,96.59M,0.0086
43810,314.42,314.03,314.7,313.44,53.52M,0.0028
43809,313.53,313.82,314.55,312.81,53.11M,-0.0011
43808,313.88,314.44,315.18,313.8,34.90M,-0.0031
43805,314.87,314.12,315.31,314.11,48.96M,0.0091
43804,312.02,312.23,312.25,310.58,40.78M,0.0018
43803,311.46,310.7,312.12,310.32,49.19M,0.0062
43802,309.55,308.65,309.64,307.13,75.17M,-0.0067
43801,311.64,314.59,314.66,311.17,76.11M,-0.0085
43798,314.31,314.86,315.13,314.06,36.59M,-0.0037
43796,315.48,314.61,315.48,314.37,44.79M,0.0045
43795,314.08,313.41,314.28,313.06,37.73M,0.0023
43794,313.37,311.98,313.37,311.98,48.76M,0.0078
43791,310.96,311.09,311.24,309.85,44.85M,0.0022
43790,310.27,310.89,311.01,309.39,54.66M,-0.0016
43789,310.77,311.28,311.85,309.06,79.70M,-0.0037
43788,311.93,312.68,312.69,311.22,67.93M,-0.0003
43787,312.02,311.53,312.28,311.03,49.33M,0.0007
43784,311.79,311.02,311.84,310.26,62.71M,0.0072
43783,309.55,308.79,309.64,308.09,52.00M,0.0015
43782,309.1,307.91,309.54,307.66,54.46M,0.0003
43781,309,308.75,309.99,308.15,46.48M,0.0021
43780,308.35,307.42,308.54,307.27,35.93M,-0.0019
43777,308.94,307.8,309,307.03,49.07M,0.0025
43776,308.18,308.57,309.65,307.66,54.27M,0.0035
43775,307.1,307.03,307.4,306.06,46.49M,0.0002
43774,307.03,307.59,307.92,306.71,42.93M,-0.0011
43773,307.37,307.85,308,306.96,60.61M,0.004
43770,306.14,304.92,306.19,304.74,71.14M,0.0093
43769,303.33,304.13,304.13,301.73,69.05M,-0.0027
43768,304.14,303.43,304.55,301.99,49.64M,0.0031
43767,303.21,303,304.23,302.86,44.28M,-0.0003
43766,303.3,302.94,303.85,302.91,42.15M,0.0056
43763,301.6,299.74,302.2,299.68,45.21M,0.0041
43762,300.37,300.91,301.07,299.46,35.86M,0.0016
43761,299.88,298.73,299.94,298.5,34.99M,0.0029
43760,299.01,300.58,300.9,298.91,49.13M,-0.0033
43759,299.99,299.42,300.21,298.94,39.46M,0.0068
43756,297.97,298.69,299.39,296.99,64.34M,-0.0044
43755,299.28,299.68,300.24,298.51,46.78M,0.0029
43754,298.4,298.37,299.16,297.92,50.56M,-0.0016
43753,298.88,297.1,299.7,296.97,47.83M,0.0099
43752,295.95,295.93,296.67,295.57,40.55M,-0.0011
43749,296.28,296.27,298.74,296.14,101.23M,0.0104
43748,293.24,291.18,294.21,291,57.26M,0.0068
43747,291.27,290.75,292.3,288.66,65.71M,0.0095
43746,288.53,291.04,291.85,288.49,101.58M,-0.0155
43745,293.08,293.47,295.26,292.77,60.66M,-0.0043
43742,294.35,291.14,294.63,290.82,66.70M,0.0135
43741,290.42,287.81,290.45,284.82,85.91M,0.0082
43740,288.06,291.5,291.51,286.64,124.52M,-0.0177
43739,293.24,297.74,298.45,293,89.90M,-0.0119
43738,296.77,295.97,297.55,295.92,52.56M,0.0046
43735,295.4,297.83,297.95,293.69,84.78M,-0.0054
43734,297,297.63,297.86,295.45,58.72M,-0.0021
43733,297.62,295.96,298.11,294.33,73.43M,0.0059
43732,295.87,299.41,299.84,294.81,97.37M,-0.0078
43731,298.21,297.55,299,297.27,47.54M,-0.0002
43728,298.28,300.36,300.67,297.41,97.46M,-0.0093
43727,301.08,301.53,302.63,300.71,78.10M,-0.0001
43726,301.1,300.49,301.22,298.24,74.19M,0.0006
43725,300.92,299.94,301.02,299.75,42.90M,0.0025
43724,300.16,299.84,301.14,299.45,58.19M,-0.0031
43721,301.09,301.78,302.17,300.68,62.10M,-0.0007
43720,301.29,301.25,302.46,300.41,72.91M,0.0035
43719,300.25,298.47,300.34,297.75,68.82M,0.0071
43718,298.13,297.36,298.2,295.97,57.95M,-0.0002
43717,298.2,299.14,299.24,297.16,51.26M,0.0005
43714,298.05,298.17,298.76,297.42,49.58M,0.0008
43713,297.82,296.79,298.83,294,83.36M,0.0129
43712,294.04,293.14,294.06,292.31,47.00M,0.0114
43711,290.74,290.57,291.58,289.27,69.23M,-0.0058
43707,292.45,294.22,294.24,291.42,62.96M,-0.0004
43706,292.58,291.72,293.16,290.61,58.00M,0.0128
43705,288.89,286.14,289.07,285.25,59.85M,0.007
43704,286.87,289.54,289.95,286.03,68.26M,-0.0039
43703,288,287.27,288,285.58,72.62M,0.0111
43700,284.85,290.92,292.76,283.47,149.32M,-0.0257
43699,292.36,293.23,293.93,290.4,51.74M,-0.0003
43698,292.45,292.48,292.86,291.72,49.72M,0.0081
43697,290.09,291.77,292.36,289.95,51.65M,-0.0077
43696,292.33,292.19,293.08,291.44,53.64M,0.012
43693,288.85,286.48,289.33,284.71,85.83M,0.0148
43692,284.65,284.88,285.64,282.39,101.93M,0.0026
43691,283.9,288.07,292.46,283.76,135.62M,-0.0296
43690,292.55,287.74,294.15,287.36,94.79M,0.0156
43689,288.07,289.96,291.61,287.02,65.53M,-0.0122
43686,291.62,292.58,293.24,289.65,93.73M,-0.0068
43685,293.62,289.62,293.62,289.01,87.71M,0.0196
43684,287.97,284.4,288.82,282.04,140.57M,0.0006
43683,287.8,285.91,288.04,284.28,120.71M,0.014
43682,283.82,288.09,288.21,281.72,178.75M,-0.0301
43679,292.62,293.85,294.12,290.9,116.75M,-0.0075
43678,294.84,297.6,300.87,293.96,142.65M,-0.0087
43677,297.43,300.99,301.2,295.2,104.25M,-0.0109
43676,300.72,299.91,301.17,299.49,45.85M,-0.0025
43675,301.46,301.88,301.93,300.85,38.13M,-0.0018
43672,302.01,300.76,302.23,300.62,45.08M,0.0067
43671,300,300.94,301,299.11,55.39M,-0.0048
43670,301.44,299.19,301.44,299.09,47.21M,0.0047
43669,300.03,299.14,300.03,298.22,44.66M,0.0072
43668,297.9,297.61,298.5,297.04,43.69M,0.0025
43665,297.17,300.04,300.07,296.96,71.08M,-0.0056
43664,298.83,297.19,299.25,296.7,51.70M,0.0037
43663,297.74,299.75,299.93,297.74,44.10M,-0.0066
43662,299.71,300.65,300.88,299.44,40.57M,-0.0035
43661,300.75,301.13,301.13,300.19,33.91M,0.0003
43658,300.65,299.85,300.73,299.51,40.35M,0.0045
43657,299.31,299.32,299.58,298.2,50.89M,0.0023
43656,298.61,298.37,299.66,297.78,58.60M,0.0048
43655,297.19,295.54,297.52,295.48,41.10M,0.0012
43654,296.82,297.01,298.26,296.22,45.84M,-0.0055
43651,298.46,297.44,298.64,296.01,51.68M,-0.0011
43649,298.8,297.18,298.82,297.02,40.90M,0.008
43648,296.43,295.61,296.49,294.68,61.50M,0.0026
43647,295.66,296.68,296.92,294.33,79.11M,0.0091
43644,293,292.58,293.55,292.01,59.35M,0.0051
43643,291.5,291.31,292.06,290.89,40.36M,0.0035
43642,290.47,291.75,292.31,290.35,51.58M,-0.001
43641,290.76,293.7,293.73,290.64,82.03M,-0.0098
43640,293.64,294.23,294.58,293.47,47.58M,-0.0012
43637,294,294.13,295.52,293.76,83.31M,-0.0063
43636,295.86,296.04,296.31,293.13,116.57M,0.0096
43635,293.06,292.55,293.65,291.47,78.67M,0.0023
43634,292.4,291.39,293.57,290.99,85.43M,0.0105
43633,289.37,289.52,290.22,289.18,39.21M,0.0004
43630,289.26,289.26,289.93,288.41,52.32M,-0.0011
43629,289.58,289.4,289.98,288.62,48.95M,0.0041
43628,288.39,288.64,289.26,287.81,47.10M,-0.0018
43627,288.9,290.99,291.4,288.18,58.64M,-0.0002
43626,288.97,289.37,290.82,288.87,60.80M,0.0046
43623,287.65,285.93,288.85,285.74,74.27M,0.01
43622,284.8,283.29,285.55,282.57,69.43M,0.0065
43621,282.96,282.33,282.99,280.32,71.17M,0.0087
43620,280.53,277.12,280.68,276.62,77.23M,0.0217
43619,274.57,275.31,276.55,273.09,96.43M,-0.0025
43616,275.27,276.2,277.12,275.24,86.86M,-0.0135
43615,279.03,279.11,280.04,277.81,62.52M,0.0027
43614,278.27,278.91,279.36,276.71,104.97M,-0.0067
43613,280.15,283.09,284.15,280.13,70.03M,-0.0093
43609,282.78,283.74,284.2,282.09,55.27M,0.0023
43608,282.14,283.16,283.21,280.57,98.73M,-0.0122
43607,285.63,285.45,286.69,285.1,49.48M,-0.0031
43606,286.51,285.83,286.93,285.55,46.85M,0.009
43605,283.95,284.06,285.43,283.12,62.88M,-0.0066
43602,285.84,285.14,288.6,285.12,100.35M,-0.0065
43601,287.7,285.84,289.21,285.76,76.75M,0.0093
43600,285.06,281.59,285.77,281.36,73.96M,0.0059
43599,283.4,281.99,285.1,281.85,77.00M,0.009
43598,280.86,282.42,283.49,279.93,127.29M,-0.0251
43595,288.1,285.62,288.94,282.3,112.43M,0.005
43594,286.66,285.23,287.33,283.3,103.47M,-0.003
43593,287.53,287.53,289.43,286.87,91.57M,-0.0014
43592,287.93,290.15,290.81,285.81,144.73M,-0.0167
43591,292.82,289.25,293.31,288.9,107.20M,-0.0041
43588,294.03,292.82,294.34,291.3,56.54M,0.0098
43587,291.18,291.68,292.7,289.52,65.03M,-0.0022
43586,291.81,294.72,294.95,291.8,71.67M,-0.0075
43585,294.02,293.49,294.34,291.92,81.11M,0.0005
43584,293.87,293.51,294.45,293.41,57.20M,0.0016
43581,293.41,292.1,293.49,291.24,50.92M,0.0047
43580,292.05,292.12,292.78,290.73,57.77M,-0.0006
43579,292.23,292.79,293.16,292.07,50.39M,-0.0022
43578,292.88,290.68,293.14,290.42,52.25M,0.009
43577,290.27,289.17,290.44,289.07,40.16M,0.0009
43573,290.02,290.1,290.32,288.66,68.71M,0.002
43572,289.45,291.4,291.43,288.99,58.27M,-0.0024
43571,290.16,290.95,291.01,289.5,52.15M,0.0007
43570,289.97,290.24,290.35,289.07,49.60M,-0.0007
43567,290.16,290,290.47,288.26,69.73M,0.0068
43566,288.21,288.83,288.84,287.58,55.09M,-0.0003
43565,288.29,287.77,288.39,287.31,52.60M,0.0034
43564,287.31,287.72,288.08,286.7,66.14M,-0.0051
43563,288.79,288.1,288.91,287.37,53.57M,0.0008
43560,288.57,287.92,288.63,287.6,58.62M,0.0048
43559,287.18,286.78,287.46,286.01,49.00M,0.0027
43558,286.42,287.32,287.76,285.75,68.24M,0.0016
43557,285.97,286.04,286.23,285.09,40.07M,0.0005
43556,285.83,284.7,286.16,284.4,77.62M,0.0119
43553,282.48,282.39,282.84,281.14,82.19M,0.0063
43552,280.71,280.35,281.21,279.07,56.24M,0.0038
43551,279.65,281.11,281.76,277.93,72.22M,-0.0052
43550,281.12,280.99,282.18,279.56,68.13M,0.0075
43549,279.04,278.87,280.19,277.64,85.58M,-0.0008
43546,279.25,283.22,283.8,279.18,122.66M,-0.0192
43545,284.73,280.64,285.18,280.59,79.55M,0.0113
43544,281.55,282.16,283.5,280.32,84.61M,-0.003
43543,282.4,283.51,284.36,281.41,90.27M,0.0002
43542,282.33,281.55,282.66,281.3,62.20M,0.0036
43539,281.31,280.54,282.21,280.33,81.31M,0.0005
43538,281.16,281.37,281.84,280.67,67.52M,-0.0006
43537,281.34,280.48,282.38,280.3,80.64M,0.0066
43536,279.49,279.06,280.07,278.85,79.67M,0.0038
43535,278.44,275.26,278.62,275.23,65.10M,0.0145
43532,274.46,272.94,274.65,272.42,85.80M,-0.002
43531,275.01,276.83,276.99,274.07,94.89M,-0.0084
43530,277.33,279.15,279.16,276.97,75.04M,-0.0061
43529,279.02,279.54,279.76,278.41,59.11M,-0.0014
43528,279.4,281.6,281.87,276.84,106.49M,-0.0036
43525,280.42,280.44,280.88,278.82,78.88M,0.0062
43524,278.68,278.96,279.45,278.32,69.27M,-0.0019
43523,279.2,278.52,279.59,277.48,56.92M,-0.0004
43522,279.32,279.13,280.3,278.9,56.84M,-0.0007
43521,279.52,280.73,281.31,279.43,69.03M,0.0014
43518,279.14,278.11,279.36,277.4,78.11M,0.0062
43517,277.42,277.7,278.1,276.35,64.21M,-0.0036
43516,278.41,277.81,278.92,277.25,76.61M,0.002
43515,277.85,276.48,278.58,276.47,59.12M,0.0017
43511,277.37,276.36,277.41,276.13,97.09M,0.0109
43510,274.38,273.78,275.64,272.87,83.23M,-0.0022
43509,274.99,275.03,275.93,274.56,65.28M,0.0032
43508,274.1,272.42,274.52,272.34,72.27M,0.0129
43507,270.62,271.2,271.49,270.03,68.02M,0.0006
43504,270.47,268.75,270.58,267.83,75.79M,0.0012
43503,270.14,270.94,271.55,268.29,95.48M,-0.0095
43502,272.74,272.79,273.34,271.92,58.35M,-0.0013
43501,273.1,272.44,273.44,271.88,79.55M,0.0042
43500,271.96,270.11,272.03,269.36,60.74M,0.007
43497,270.06,270.15,271.2,269.18,85.78M,0.0005
43496,269.93,267.51,270.47,267.27,104.01M,0.0088
43495,267.58,265.1,268.52,264.25,92.47M,0.0158
43494,263.41,263.92,264.55,262.48,66.14M,-0.0013
43493,263.76,263.39,263.83,261.79,85.61M,-0.0076
43490,265.78,265.61,266.7,263.66,96.88M,0.0085
43489,263.55,263.21,264.2,262.08,59.20M,0.0005
43488,263.41,264.01,264.79,260.66,86.03M,0.0021
43487,262.86,264.82,265.06,261.06,115.53M,-0.0135
43483,266.46,264.98,266.98,263,127.90M,0.0133
43482,262.96,260.01,263.92,259.96,96.12M,0.0076
43481,260.98,260.83,261.97,260.6,77.64M,0.0024
43480,260.35,257.82,260.7,257.81,85.21M,0.0115
43479,257.4,256.86,258.3,256.41,70.91M,-0.0061
43476,258.98,257.68,259.01,257.03,73.86M,0.0004
43475,258.88,256.26,259.16,255.5,96.82M,0.0035
43474,257.97,257.56,258.91,256.19,95.01M,0.0047
43473,256.77,256.82,257.31,254,102.51M,0.0094
43472,254.38,252.69,255.95,251.69,103.14M,0.0079
43469,252.39,247.59,253.11,247.17,142.63M,0.0335
43468,244.21,248.23,248.57,243.67,144.14M,-0.0239
43467,250.18,245.98,251.21,245.95,126.93M,0.001
43465,249.92,249.56,250.19,247.47,144.30M,0.0088
43462,247.75,249.58,251.4,246.45,153.10M,-0.0013
43461,248.07,242.57,248.29,238.96,186.27M,0.0077
43460,246.18,235.97,246.18,233.76,218.49M,0.0505
43458,234.34,239.04,240.84,234.27,147.31M,-0.0264
43455,240.7,246.74,249.71,239.98,255.35M,-0.0262
43454,247.17,249.86,251.62,244.65,252.05M,-0.0163
43453,251.26,255.17,259.4,249.35,214.99M,-0.015
43452,255.08,257.2,257.95,253.28,134.52M,-0.0011
43451,255.36,259.4,260.65,253.53,165.49M,-0.0196
43448,260.47,262.96,264.03,259.85,116.96M,-0.0185
43447,265.37,266.52,267.49,264.12,96.66M,-0.0003
43446,265.46,267.47,269,265.37,97.98M,0.005
43445,264.13,267.66,267.87,262.48,121.50M,0.0002
43444,264.07,263.37,265.16,258.62,151.45M,0.0019
43441,263.57,269.46,271.22,262.63,161.02M,-0.0232
43440,269.84,265.92,269.97,262.44,204.19M,-0.0015
43438,270.25,278.37,278.85,269.9,177.99M,-0.0324
43437,279.3,280.28,280.4,277.5,103.02M,0.0132